date,DGS10,DGS2,DTB3,T10Y2Y,VIXCLS,SP500,UNRATE,INDPRO,PAYEMS,FEDFUNDS,DGS10_CHANGE_BP,DGS2_CHANGE_BP,DTB3_CHANGE_BP,T10Y2Y_CHANGE_BP,FEDFUNDS_CHANGE_BP,UNRATE_CHANGE_PP,INDPRO_LOG_GROWTH_PCT,PAYEMS_LOG_GROWTH_PCT,SP500_RETURN_PCT,SP500_LOG_RETURN_PCT,SP500_CUMULATIVE_RETURN_PCT,VIX_MONTHLY_VOL_PCT,VIX_MONTHLY_VOL_CHANGE_PP,VIX_CHANGE_PCT
2015-01-31,1.68,0.47,0.02,1.21,20.97,1994.989990234375,5.7,102.8905,140568.0,0.11,,,,,,,,,,,0.0,6.053517572453226,,
2015-02-28,2.0,0.63,0.02,1.37,13.34,2104.5,5.5,102.2335,140827.0,0.11,32.00000000000001,16.000000000000004,0.0,16.000000000000014,0.0,-0.20000000000000018,-0.6405903226315237,0.18408292481275165,5.48925108906233,5.343887632562722,5.48925108906233,3.850926295494804,-2.2025912769584224,-36.385312350977586
2015-03-31,1.94,0.56,0.03,1.38,15.29,2067.889892578125,5.4,101.8914,140923.0,0.11,-6.000000000000005,-6.999999999999995,0.9999999999999999,0.9999999999999787,0.0,-0.09999999999999964,-0.3351872508375763,0.06814552171431511,-1.7396107114219572,-1.7549197433963104,3.6541487777182136,4.413842807954689,0.5629165124598847,14.617691154422774
2015-04-30,2.05,0.58,0.01,1.47,14.55,2085.510009765625,5.4,101.3355,141196.0,0.12,10.999999999999988,1.9999999999999907,-1.9999999999999998,9.000000000000007,0.9999999999999996,0.0,-0.5470746111495662,0.1935354125119497,0.8520819822535275,0.8484722544635537,4.537367103311407,4.200223208354528,-0.21361959960016108,-4.839764551994763
2015-05-31,2.12,0.61,0.01,1.51,13.84,2107.389892578125,5.6,100.8883,141538.0,0.12,7.000000000000028,3.0000000000000027,0.0,4.0000000000000036,0.0,0.1999999999999993,-0.44228298448434067,0.24192362206316284,1.0491382304589791,1.043672967533685,5.634108586707498,3.9952638627922106,-0.2049593455623171,-4.879725085910658
2015-06-30,2.35,0.64,0.01,1.71,18.23,2063.110107421875,5.3,100.571,141709.0,0.13,23.0,3.0000000000000027,0.0,19.999999999999996,1.0000000000000009,-0.2999999999999998,-0.3150018513620207,0.12074268802479574,-2.1011671979729973,-2.1235558871758675,3.4145593472124203,5.262547703663439,1.2672838408712286,31.719653179190765
2015-07-31,2.2,0.67,0.08,1.53,12.12,2103.840087890625,5.2,101.2228,141991.0,0.13,-14.999999999999991,3.0000000000000027,7.000000000000001,-17.999999999999993,0.0,-0.09999999999999964,0.6460082190607669,0.19880161640951527,1.9742029435184882,1.9549682990019603,5.456172621871747,3.498742631289132,-1.763805072374307,-33.51618211738893
2015-08-31,2.21,0.74,0.08,1.47,28.43,1972.1800537109375,5.1,101.0367,142125.0,0.14,0.9999999999999787,6.999999999999995,0.0,-6.000000000000005,1.0000000000000009,-0.10000000000000053,-0.18402107442869045,0.0943276759744416,-6.258081825586559,-6.462473099312395,-1.1433609509367892,8.207034076530531,4.708291445241399,134.57095709570956
2015-09-30,2.06,0.64,-0.01,1.42,24.5,1920.030029296875,5.0,100.7547,142275.0,0.14,-14.999999999999991,-9.999999999999998,-9.0,-5.000000000000004,0.0,-0.09999999999999964,-0.2794967313555192,0.10548524184874533,-2.6442831280001466,-2.6798730963462862,-3.7574103782191726,7.072540797572916,-1.1344932789576152,-13.82342595849455
2015-10-31,2.16,0.75,0.08,1.41,15.07,2079.360107421875,5.0,100.2675,142579.0,0.12,10.000000000000009,10.999999999999998,9.0,-1.0000000000000009,-2.0000000000000018,0.0,-0.4847235319528369,0.21344275693029138,8.298311781266655,7.9719379543398725,4.229099774961176,4.350334278343831,-2.7222065192290854,-38.48979591836734
2015-11-30,2.21,0.94,0.22,1.27,16.13,2080.409912109375,5.1,99.5298,142808.0,0.12,4.999999999999982,18.999999999999993,14.000000000000002,-13.99999999999999,0.0,0.09999999999999964,-0.7384517731685705,0.1604838686760459,0.050486911033487125,0.050474170680518696,4.281721827835572,4.656329921014332,0.30599564267050106,7.033842070338414
2015-12-31,2.27,1.06,0.16,1.21,18.21,2043.93994140625,5.0,99.0417,143077.0,0.24,6.000000000000005,12.00000000000001,-6.0,-6.000000000000005,12.0,-0.09999999999999964,-0.49161232406853894,0.18818761347232227,-1.7530185032692547,-1.7685658390257228,2.4536439486658512,5.2567742009715435,0.6004442799572116,12.895226286422833
2016-01-31,1.94,0.76,0.32,1.18,20.2,1940.239990234375,4.8,99.5607,143210.0,0.34,-33.00000000000001,-30.000000000000004,16.0,-3.0000000000000027,10.000000000000004,-0.20000000000000018,0.5226534839914181,0.09291376106370064,-5.07353220469523,-5.206761730549679,-2.744374671953509,5.8312377188152205,0.574463517843677,10.928061504667763
2016-02-29,1.74,0.78,0.33,0.96,20.55,1932.22998046875,4.9,99.0445,143406.0,0.38,-19.999999999999996,2.0000000000000018,1.0000000000000009,-21.999999999999996,3.9999999999999982,0.10000000000000053,-0.5198264319300556,0.13676838037825523,-0.41283603090035426,-0.41369055149924305,-3.145880935385137,5.932274015923405,0.10103629710818485,1.7326732673267342
2016-03-31,1.78,0.73,0.21,1.05,13.95,2059.739990234375,5.0,98.3096,143662.0,0.36,4.0000000000000036,-5.000000000000004,-12.000000000000002,9.000000000000007,-2.0000000000000018,0.09999999999999964,-0.7447561483016334,0.17835500150654576,6.599111444005845,6.390499028682897,3.245630319798898,4.02701812759764,-1.9052558883257653,-32.11678832116789
2016-04-30,1.83,0.77,0.22,1.06,15.7,2065.300048828125,5.1,98.6421,143854.0,0.37,5.000000000000004,4.0000000000000036,1.0000000000000009,1.0000000000000009,1.0000000000000009,0.09999999999999964,0.3376465558706353,0.1335578044632574,0.26993982833325436,0.26957614511553935,3.5243313970457546,4.5321996131385625,0.5051814855409225,12.54480286738351
2016-05-31,1.84,0.87,0.34,0.97,14.19,2096.949951171875,4.8,98.4184,143900.0,0.37,1.0000000000000009,9.999999999999998,12.000000000000002,-9.000000000000007,0.0,-0.2999999999999998,-0.22703697198567713,0.03197175392303784,1.5324602525288444,1.5208366810523843,5.110800627401724,4.0963001599003945,-0.4358994532381679,-9.617834394904456
2016-06-30,1.49,0.58,0.26,0.91,15.63,2098.860107421875,4.9,98.8833,144147.0,0.38,-35.00000000000001,-29.000000000000004,-8.000000000000002,-5.999999999999995,1.0000000000000009,0.10000000000000053,0.4712588491570034,0.17149983199971452,0.09109212401243738,0.09105066031534965,5.2065482882596825,4.511992353716926,0.41569219381653166,10.147991543340385
2016-07-31,1.46,0.67,0.27,0.79,11.87,2173.60009765625,4.8,98.9992,144520.0,0.39,-3.0000000000000027,9.000000000000007,1.0000000000000009,-12.0,1.0000000000000009,-0.10000000000000053,0.11714023549630953,0.258429406612022,3.5609800753315435,3.4990432691054076,8.952932510748667,3.426573847640429,-1.0854185060764974,-24.056301983365337
2016-08-31,1.58,0.8,0.33,0.78,13.42,2170.949951171875,4.9,98.85,144661.0,0.4,12.00000000000001,13.0,6.0,-1.0000000000000009,1.0000000000000009,0.10000000000000053,-0.1508219677233403,0.09751678787589894,-0.12192428990193127,-0.12199867803522135,8.820092421457604,3.874020306262389,0.4474464586219602,13.05812973883742
2016-09-30,1.6,0.77,0.28,0.83,13.29,2168.27001953125,5.0,98.7457,144967.0,0.4,2.0000000000000018,-3.0000000000000027,-4.999999999999999,4.999999999999993,0.0,0.09999999999999964,-0.10556910872728154,0.2113056153808798,-0.12344511393173052,-0.12352137017536324,8.685759334387333,3.836492538765063,-0.037527767497326,-0.9687034277198303
2016-10-31,1.84,0.86,0.34,0.98,17.06,2126.14990234375,4.9,98.7611,145065.0,0.4,24.0,8.999999999999996,6.0,15.000000000000002,0.0,-0.09999999999999964,0.015594399819346511,0.06757875250291337,-1.942567890903446,-1.9616837043472766,6.574464671572922,4.924797796187508,1.0883052574224448,28.36719337848006
2016-11-30,2.37,1.11,0.48,1.26,13.33,2198.81005859375,4.7,98.3491,145183.0,0.41,53.0,25.00000000000001,13.999999999999996,28.000000000000004,0.9999999999999953,-0.20000000000000018,-0.41804087257064787,0.08130978094670048,3.4174521829295035,3.3603545044434315,10.21659604093701,3.848039544148856,-1.0767582520386516,-21.86400937866353
2016-12-31,2.45,1.2,0.5,1.25,14.04,2238.830078125,4.7,99.0214,145408.0,0.54,8.000000000000007,8.999999999999986,2.0000000000000018,-1.0000000000000009,13.000000000000005,0.0,0.6812594589355484,0.15485685720735382,1.8200762441865859,1.803711129927909,12.222622122629211,4.052998889711173,0.20495934556231665,5.326331582895727
2017-01-31,2.45,1.19,0.52,1.26,11.99,2278.8701171875,4.7,98.7611,145628.0,0.65,0.0,-1.0000000000000009,2.0000000000000018,1.0000000000000009,10.999999999999998,0.0,-0.26321858636490175,0.15118407475625004,1.7884358198382522,1.7726314621062853,14.229651694632018,3.4612148637918065,-0.5917840259193663,-14.60113960113959
2017-02-28,2.36,1.22,0.53,1.14,12.92,2363.639892578125,4.6,98.3646,145846.0,0.66,-9.00000000000003,3.0000000000000027,1.0000000000000009,-12.00000000000001,1.0000000000000009,-0.10000000000000053,-0.40228192946493696,0.14958455344139687,3.719816006681631,3.6523000738276954,18.47878456274561,3.7296827389649825,0.26846787517317594,7.75646371976646
2017-03-31,2.4,1.27,0.75,1.13,12.37,2362.719970703125,4.4,99.0137,145970.0,0.79,4.0000000000000036,5.000000000000004,21.999999999999996,-1.0000000000000009,13.0,-0.1999999999999993,0.6577241165916399,0.08498506419333997,-0.03891971352694146,-0.038927289213133896,18.43267295920359,3.5709114149378354,-0.1587713240271471,-4.256965944272451
2017-04-30,2.29,1.28,0.79,1.01,10.82,2384.199951171875,4.4,100.0224,146175.0,0.9,-10.999999999999988,1.0000000000000009,4.0000000000000036,-11.99999999999999,10.999999999999998,0.0,1.0135936505023562,0.14034129192476044,0.9091208748854607,0.9050132478198201,19.509369111760556,3.1234649563158756,-0.44744645862195975,-12.530315278900561
2017-05-31,2.21,1.28,0.96,0.93,10.41,2411.800048828125,4.4,100.1408,146380.0,0.91,-8.000000000000007,0.0,16.999999999999993,-7.9999999999999964,1.0000000000000009,0.0,0.1183034781709034,0.14014461113468837,1.1576251246328662,1.1509759110980617,20.892839594888525,3.0051081511320024,-0.11835680518387326,-3.7892791127541625
2017-06-30,2.31,1.38,1.01,0.93,11.18,2423.409912109375,4.3,100.3471,146583.0,1.04,10.000000000000009,9.999999999999986,5.000000000000004,0.0,13.0,-0.10000000000000053,0.2057980285209821,0.13858407545619486,0.4813775207812565,0.48022260405038786,21.474790548932443,3.2273880047700083,0.22227985363800595,7.396733909702213
2017-07-31,2.3,1.34,1.05,0.96,10.26,2470.300048828125,4.3,100.1068,146772.0,1.15,-1.000000000000023,-3.9999999999999813,4.0000000000000036,2.9999999999999916,10.999999999999988,0.0,-0.23975598889276148,0.1288541365583352,1.9348826001101882,1.916401754710087,23.825185134784043,2.96180688094278,-0.2655811238272281,-8.228980322003576
2017-08-31,2.12,1.33,0.99,0.79,10.59,2471.64990234375,4.4,99.6925,146919.0,1.16,-17.99999999999997,-1.0000000000000009,-6.000000000000005,-16.999999999999993,1.0000000000000009,0.10000000000000053,-0.4147167620660212,0.10010522098110054,0.0546433019853243,0.05462837796946754,23.892847304631147,3.0570696753590685,0.09526279441628827,3.2163742690058506
2017-09-30,2.33,1.47,1.04,0.86,9.51,2519.360107421875,4.3,99.7954,147008.0,1.15,20.999999999999996,13.99999999999999,5.000000000000004,6.999999999999995,-1.0000000000000009,-0.10000000000000053,0.10316416096038926,0.06055925635956785,1.9302978562167672,1.911903935235539,26.284348280158333,2.7453005299966704,-0.3117691453623981,-10.198300283286121
2017-10-31,2.38,1.6,1.13,0.78,10.18,2575.260009765625,4.2,101.0247,147149.0,1.15,4.999999999999982,13.00000000000001,8.999999999999986,-7.9999999999999964,0.0,-0.09999999999999964,1.2242951327366367,0.09586718031450618,2.218813506615125,2.194556003184166,29.086362456539394,2.9387128701751952,0.19341234017852482,7.045215562565721
2017-11-30,2.42,1.78,1.25,0.64,11.28,2647.580078125,4.2,101.2664,147372.0,1.16,4.0000000000000036,17.999999999999993,12.00000000000001,-14.000000000000002,1.0000000000000009,0.0,0.23896267805680657,0.15143235464694432,2.8082627806563343,2.769554104663445,32.711446728309525,3.2562555182294894,0.3175426480542942,10.805500982318271
2017-12-31,2.4,1.89,1.37,0.51,11.04,2673.610107421875,4.1,101.4644,147523.0,1.3,-2.0000000000000018,10.999999999999988,12.00000000000001,-13.0,14.000000000000012,-0.10000000000000053,0.19533298635994295,0.1024093410854702,0.9831630594270502,0.9783614574871227,34.01621664817349,3.186973485926734,-0.06928203230275543,-2.127659574468088
2018-01-31,2.72,2.14,1.44,0.58,13.54,2823.81005859375,4.0,101.4625,147660.0,1.41,32.00000000000003,25.00000000000002,6.999999999999984,6.999999999999995,10.999999999999988,-0.09999999999999964,-0.0018725955011806047,0.09282378039175417,5.617870412552817,5.465739835832858,41.5450740312739,3.9086613224137663,0.7216878364870323,22.644927536231883
2018-02-28,2.87,2.25,1.63,0.62,19.85,2713.830078125,4.1,101.7085,148054.0,1.42,14.999999999999991,10.999999999999988,18.999999999999993,4.0000000000000036,1.0000000000000009,0.09999999999999964,0.2421606629052912,0.266473845096224,-3.89473718793677,-3.97261075980839,36.032265395285236,5.7302014217070365,1.8215400992932702,46.60265878877403
2018-03-31,2.74,2.27,1.7,0.47,19.97,2640.8701171875,4.0,102.2067,148280.0,1.51,-12.99999999999999,2.0000000000000018,7.000000000000006,-15.000000000000002,9.000000000000007,-0.09999999999999964,0.488635463438427,0.15253062005497653,-2.688449860055664,-2.725249736693992,32.37510614663515,5.764842437858413,0.034641016151376824,0.6045340050377712
2018-04-30,2.95,2.49,1.84,0.46,15.93,2648.050048828125,4.0,103.3329,148420.0,1.69,20.999999999999996,22.00000000000002,14.000000000000012,-0.9999999999999953,17.999999999999993,0.0,1.0958581903170899,0.09437142594560607,0.27187749953683227,0.2715085811824473,32.73500427523586,4.59859489409537,-1.1662475437630437,-20.230345518277414
2018-05-31,2.83,2.4,1.89,0.43,15.43,2705.27001953125,3.8,102.4024,148742.0,1.7,-12.00000000000001,-9.00000000000003,4.999999999999982,-3.0000000000000027,1.0000000000000009,-0.20000000000000018,-0.9045665423148675,0.21671689248692214,2.16083418545836,2.1378191183066173,35.603187623684775,4.454257326797963,-0.14433756729740654,-3.1387319522912738
2018-06-30,2.85,2.52,1.89,0.33,16.09,2718.3701171875,4.0,103.198,148960.0,1.82,2.0000000000000018,12.00000000000001,0.0,-9.999999999999998,12.00000000000001,0.20000000000000018,0.7739323183955853,0.14645520619002597,0.48424362676078303,0.4830749386570285,36.25983741743693,4.64478291563054,0.19052558883257653,4.277381723914453
2018-07-31,2.96,2.67,1.99,0.29,12.83,2816.2900390625,3.8,103.3646,149020.0,1.91,10.999999999999988,14.999999999999991,10.000000000000009,-4.0000000000000036,8.999999999999986,-0.20000000000000018,0.161307067324279,0.04027115968244495,3.602155617289915,3.5387950737524285,41.16812880507923,3.7037019768514496,-0.9410809387790899,-20.261031696706024
2018-08-31,2.86,2.62,2.07,0.24,12.86,2901.52001953125,3.8,104.0327,149277.0,1.91,-10.000000000000009,-4.999999999999982,7.999999999999985,-4.999999999999999,0.0,0.0,0.6442729109766876,0.1723115308493092,3.0263211276748248,2.9814314524382426,45.44032971265055,3.7123622308892936,0.008660254037843984,0.23382696804363778
2018-09-30,3.05,2.81,2.15,0.24,12.12,2913.97998046875,3.7,104.1004,149358.0,1.95,18.999999999999993,18.999999999999993,8.000000000000007,0.0,4.0000000000000036,-0.09999999999999964,0.06505452749955742,0.05424682437513526,0.42942874264617625,0.4285093286333627,46.06489229183603,3.498742631289132,-0.21361959960016152,-5.7542768273716955
2018-10-31,3.15,2.87,2.29,0.28,21.23,2711.739990234375,3.8,103.9856,149527.0,2.19,10.000000000000009,6.000000000000005,14.000000000000012,4.0000000000000036,24.0,0.09999999999999964,-0.11033900564873926,0.11308698530252095,-6.94033560936963,-7.192934595429683,35.92749855931834,6.1285731074478775,2.6298304761587454,75.16501650165017
2018-11-30,3.01,2.8,2.32,0.21,18.07,2760.169921875,3.8,104.0681,149617.0,2.2,-14.000000000000012,-7.000000000000028,2.9999999999999805,-7.0000000000000036,1.000000000000023,0.0,0.07930645244381049,0.06017169170398193,1.7859356654779779,1.7701752056117588,38.355076235281274,5.216359682128269,-0.9122134253196084,-14.884597268016952
2018-12-31,2.69,2.48,2.4,0.21,25.42,2506.85009765625,3.9,104.0936,149809.0,2.27,-31.999999999999986,-31.999999999999986,8.000000000000007,0.0,6.999999999999984,0.10000000000000009,0.02450018435433025,0.12824539373000315,-9.177689467997252,-9.626521985789902,25.657276975196286,7.338121921400145,2.1217622392718756,40.67515218594355
2019-01-31,2.63,2.45,2.36,0.18,16.57,2704.10009765625,4.0,103.4021,150060.0,2.4,-6.000000000000005,-2.9999999999999805,-4.0000000000000036,-3.0,12.99999999999999,0.10000000000000009,-0.6665223038358249,0.1674064732391864,7.868440166582613,7.574215198675599,35.5445446289466,4.7833469802360495,-2.554774941164095,-34.81510621557828
2019-02-28,2.73,2.52,2.4,0.21,14.78,2784.489990234375,3.8,102.8371,150067.0,2.4,10.000000000000009,6.999999999999984,4.0000000000000036,3.0,0.0,-0.20000000000000018,-0.5479088490066776,0.004664691947921338,2.9728889343927145,2.9295553365402385,39.57413339739355,4.266618489311335,-0.5167284909247147,-10.80265540132771
2019-03-31,2.41,2.27,2.35,0.14,13.71,2834.39990234375,3.8,102.8757,150295.0,2.41,-31.999999999999986,-25.0,-4.999999999999982,-6.999999999999998,1.000000000000023,0.0,0.037528049254103496,0.1518168368780786,1.7924256249588488,1.7765510890228746,42.07589593022267,3.957736095294885,-0.3088823940164498,-7.239512855209728
2019-04-30,2.51,2.27,2.38,0.24,13.12,2945.830078125,3.7,102.274,150591.0,2.42,9.999999999999964,0.0,2.9999999999999805,9.999999999999998,0.9999999999999787,-0.09999999999999964,-0.5865977141161808,0.19675232180180838,3.9313498313737982,3.856039741757082,47.66139642529828,3.787417765883945,-0.17031832941093983,-4.303428154631672
2019-05-31,2.14,1.95,2.3,0.19,18.71,2752.06005859375,3.6,102.392,150618.0,2.39,-36.999999999999964,-32.00000000000001,-8.000000000000007,-4.999999999999999,-2.9999999999999805,-0.10000000000000009,0.11530983463275594,0.0179277512108277,-6.57777313668354,-6.804089408287398,37.94856475798323,5.40111176826895,1.6136940023850048,42.60670731707319
2019-06-30,2.0,1.75,2.08,0.25,15.08,2941.760009765625,3.6,102.4375,150838.0,2.38,-14.000000000000012,-19.999999999999996,-21.999999999999975,6.0,-1.000000000000023,0.0,0.04442719505578798,0.1459583083813283,6.89301639982407,6.665830156302614,47.45738195007294,4.353221029689778,-1.0478907385791718,-19.401389631213263
2019-07-31,2.02,1.89,2.04,0.13,16.12,2980.3798828125,3.7,101.9408,150937.0,2.4,2.0000000000000018,13.99999999999999,-4.0000000000000036,-12.0,2.0000000000000018,0.10000000000000009,-0.48606038693657805,0.06561179922229932,1.3128152166957952,1.3042724833705281,49.393224898454726,4.6534431696683844,0.30022213997860625,6.896551724137945
2019-08-31,1.5,1.5,1.95,0.0,18.98,2926.4599609375,3.6,102.639,151169.0,2.13,-52.0,-38.99999999999999,-9.000000000000007,-13.0,-27.0,-0.10000000000000009,0.6825724834901714,0.15358850576037972,-1.8091627240523933,-1.8257281743262237,46.69045836133214,5.4790540546095485,0.8256108849411641,17.741935483870975
2019-09-30,1.68,1.63,1.84,0.05,16.24,2976.739990234375,3.5,102.2917,151365.0,2.04,17.999999999999993,12.99999999999999,-10.999999999999988,5.0,-8.999999999999986,-0.10000000000000009,-0.33894417233817986,0.12957223149925695,1.7181177931020697,1.7035250591071929,49.21077322722116,4.688084185819761,-0.7909698687897873,-14.436248682824038
2019-10-31,1.69,1.52,1.51,0.17,13.22,3037.56005859375,3.6,101.4281,151460.0,1.83,1.0000000000000009,-10.999999999999988,-33.00000000000001,12.000000000000002,-20.999999999999996,0.10000000000000009,-0.8478362664280364,0.06274251010748408,2.0431770513684056,2.0225842153317446,52.25941350396912,3.8162852793434268,-0.8717989064763345,-18.596059113300477
2019-11-30,1.78,1.61,1.56,0.17,12.62,3140.97998046875,3.6,101.9372,151667.0,1.55,9.000000000000007,9.000000000000007,5.000000000000004,0.0,-28.000000000000004,0.0,0.5006764315212775,0.1365764396946667,3.4047037714499906,3.3480266071378155,57.44339549792639,3.6430801985865386,-0.17320508075688812,-4.538577912254171
2019-12-31,1.92,1.58,1.52,0.34,13.78,3230.780029296875,3.6,101.7003,151794.0,1.55,13.99999999999999,-3.0000000000000027,-4.0000000000000036,17.0,0.0,0.0,-0.2326684494464219,0.08370104060457452,2.858981890573009,2.818875629854215,61.94467366311534,3.9779433547165217,0.3348631561299831,9.191759112519815
2020-01-31,1.51,1.33,1.52,0.18,18.84,3225.52001953125,3.6,101.0338,152031.0,1.55,-40.99999999999999,-25.0,0.0,-16.000000000000004,0.0,0.0,-0.6575138580045964,0.15601089315910055,-0.16280928190489652,-0.16294196024425806,61.68101270284119,5.438639535766275,1.4606961810497534,36.719883889695225
2020-02-29,1.13,0.86,1.25,0.27,40.11,2954.219970703125,3.5,101.3735,152293.0,1.58,-38.000000000000014,-47.00000000000001,-27.0,9.000000000000002,3.0000000000000027,-0.10000000000000009,0.3356601456010003,0.17218495073061624,-8.411048363840312,-8.785953690838776,48.0819445292584,11.578759648597945,6.14012011283167,112.8980891719745
2020-03-31,0.7,0.23,0.11,0.47,53.54,2584.590087890625,4.4,97.4078,150895.0,0.65,-42.99999999999999,-63.0,-113.99999999999999,19.999999999999996,-93.0,0.9000000000000004,-3.9905426201024894,-0.9222066228899921,-12.511928240892821,-13.36677246703745,29.554037892038878,15.455666706206282,3.876907057608337,33.48292196459737
2020-04-30,0.64,0.2,0.09,0.44,34.15,2912.429931640625,14.8,84.5619,130426.0,0.05,-5.999999999999995,-3.0,-2.0000000000000004,-2.9999999999999973,-60.0,10.4,-14.142247901545593,-14.577821457789328,12.68440381652789,11.942083876017671,45.98719521888266,9.85825584641286,-5.597410859793422,-36.21591333582368
2020-05-31,0.65,0.16,0.14,0.49,27.51,3044.31005859375,13.2,85.9604,133040.0,0.05,1.0000000000000009,-4.000000000000001,5.000000000000002,4.999999999999999,0.0,-1.6000000000000014,1.6402914528457953,1.9843818763899086,4.528181966555822,4.428653294909693,52.597761066264745,7.941452952703303,-1.9168028937095567,-19.44363103953147
2020-06-30,0.66,0.16,0.16,0.5,30.43,3100.2900390625,11.0,91.5934,137671.0,0.08,1.0000000000000009,0.0,1.9999999999999991,1.0000000000000009,3.0,-2.1999999999999993,6.347249159182694,3.421694591043921,1.838839651392421,1.8221374356719156,55.40378920388831,8.784384345720156,0.8429313930168529,10.61432206470374
2020-07-31,0.55,0.11,0.09,0.44,24.46,3271.1201171875,10.2,95.0256,139255.0,0.09,-10.999999999999998,-5.0,-7.000000000000001,-6.0,0.9999999999999996,-0.8000000000000007,3.678711230080065,1.1440004010382678,5.510132148044367,5.363680163450586,63.96674335209085,7.060993792189124,-1.7233905535310319,-19.61879723956621
2020-08-31,0.72,0.14,0.11,0.58,26.41,3500.31005859375,8.4,95.9549,140821.0,0.1,16.999999999999993,3.0000000000000013,2.0000000000000004,13.999999999999996,1.0000000000000009,-1.799999999999999,0.9731960431251231,1.1182795524304032,7.006466690171775,6.771908300435733,75.45501860801454,7.623910304649009,0.5629165124598847,7.972199509403111
2020-09-30,0.69,0.13,0.1,0.56,26.37,3363.0,7.8,95.9669,141770.0,0.09,-3.0000000000000027,-1.0000000000000009,-0.9999999999999996,-1.9999999999999907,-1.0000000000000009,-0.6000000000000005,0.012505093236555416,0.6716445799741968,-3.9227970178423055,-4.001811998317809,68.57227437040467,7.612363299265216,-0.011547005383792275,-0.15145778114350472
2020-10-31,0.88,0.14,0.09,0.74,38.02,3269.9599609375,6.9,96.7394,142460.0,0.09,19.000000000000007,1.0000000000000009,-1.0000000000000009,17.999999999999993,0.0,-0.8999999999999995,0.8017424837306384,0.4855232420667511,-2.766578622137972,-2.8055692285554126,63.90858986482129,10.975428617294787,3.3630653180295704,44.178991277967384
2020-11-30,0.84,0.16,0.08,0.68,20.57,3621.6298828125,6.7,97.0816,142733.0,0.09,-4.0000000000000036,1.9999999999999991,-0.9999999999999996,-5.999999999999995,0.0,-0.20000000000000018,0.353109679099897,0.19144935772283353,10.75456354438591,10.214642790660017,81.53624331654036,5.938047518615301,-5.037381098679486,-45.896896370331405
2020-12-31,0.93,0.13,0.09,0.8,22.75,3756.070068359375,6.7,98.363,142548.0,0.09,9.000000000000007,-3.0,0.9999999999999996,12.0,0.0,0.0,1.3112855111043258,-0.12969670320332388,3.712145909357001,3.644904784059159,88.27513354681571,6.567359312031994,0.6293117934166927,10.597958191541078
2021-01-31,1.11,0.11,0.06,1.0,33.09,3714.239990234375,6.4,98.8822,142863.0,0.09,18.000000000000004,-2.0000000000000004,-3.0,19.999999999999996,0.0,-0.2999999999999998,0.5264525566604699,0.22073439909439269,-1.1136660755445171,-1.11991376508885,86.17837725581869,9.55226020374236,2.9849008917103665,45.450549450549474
2021-02-28,1.44,0.14,0.04,1.3,27.95,3811.14990234375,6.2,95.6149,143380.0,0.08,32.999999999999986,3.0000000000000013,-1.9999999999999998,30.000000000000004,-0.9999999999999996,-0.20000000000000018,-3.3600576999423892,0.3612319338379362,2.6091451377448394,2.5756876672536637,91.03604133352114,8.06847001192502,-1.4837901918173397,-15.533393774554261
2021-03-31,1.74,0.16,0.03,1.58,19.4,3972.889892578125,6.1,98.3856,144232.0,0.07,30.000000000000004,1.9999999999999991,-1.0000000000000002,28.000000000000004,-0.9999999999999996,-0.10000000000000053,2.856578623245058,0.5924665815172857,4.2438632533165155,4.1562807282546625,99.14334969226502,5.60029761113937,-2.468172400785651,-30.590339892665476
2021-04-30,1.65,0.16,0.01,1.49,18.61,4181.169921875,6.1,98.5587,144587.0,0.07,-9.000000000000007,0.0,-1.9999999999999998,-9.000000000000007,0.0,0.0,0.1757857877320389,0.24582882620424,5.242532134755851,5.1097330468056406,109.58350379411121,5.372244254809468,-0.22805335632990165,-4.072164948453604
2021-05-31,1.58,0.14,0.01,1.44,16.76,4204.10986328125,5.8,99.4333,145065.0,0.06,-6.999999999999984,-1.9999999999999991,0.0,-5.000000000000004,-1.0000000000000009,-0.2999999999999998,0.8834757856393223,0.3300515335094633,0.548648867060697,0.547149271672327,110.73338131322372,4.838195255809064,-0.5340489990004036,-9.940891993551848
2021-06-30,1.45,0.25,0.05,1.2,15.83,4297.5,5.9,99.7987,145820.0,0.08,-13.00000000000001,10.999999999999998,4.0,-24.0,2.0000000000000004,0.10000000000000053,0.3668089560924184,0.5191066541247978,2.2214009565834747,2.1970872566122472,115.41461466155636,4.5697273806358885,-0.26846787517317594,-5.548926014319822
2021-07-31,1.24,0.19,0.06,1.05,18.24,4395.259765625,5.4,100.2519,146762.0,0.1,-20.999999999999996,-6.0,0.9999999999999996,-14.999999999999991,2.0000000000000004,-0.5,0.4530861445059503,0.6439242707410034,2.274805482838871,2.2493175922251307,120.31487812671364,5.265434455009387,0.6957070743734981,15.224257738471248
2021-08-31,1.3,0.2,0.04,1.1,16.48,4522.68017578125,5.1,100.0437,147314.0,0.09,6.000000000000005,1.0000000000000009,-1.9999999999999998,5.000000000000004,-1.0000000000000009,-0.3000000000000007,-0.20789280941337757,0.37541359941140523,2.8990416255438634,2.8578143159792577,126.70189815087332,4.757366218122517,-0.5080682368868699,-9.64912280701753
2021-09-30,1.52,0.28,0.04,1.24,23.14,4307.5400390625,4.7,98.8579,147771.0,0.08,21.999999999999996,8.000000000000002,0.0,13.99999999999999,-0.9999999999999996,-0.39999999999999947,-1.1923625038835892,0.30974150863018973,-4.75691688019011,-4.873779278283316,115.91787729002303,6.679942614523971,1.9225763964014542,40.4126213592233
2021-10-31,1.55,0.48,0.05,1.07,16.26,4605.3798828125,4.5,100.1861,148572.0,0.08,3.0000000000000027,19.999999999999996,1.0000000000000002,-16.999999999999993,0.0,-0.20000000000000018,1.3345990980446365,0.5405911060444546,6.914383640060651,6.68581752839893,130.84726767333063,4.693857688511658,-1.986084926012313,-29.732065687121867
2021-11-30,1.43,0.52,0.05,0.91,27.19,4567.0,4.1,100.8654,149230.0,0.08,-12.00000000000001,4.0000000000000036,0.0,-16.000000000000004,0.0,-0.40000000000000036,0.6757498302163356,0.4419050716821813,-0.8333706184746159,-0.8368625655205266,128.92345437098962,7.849076909632963,3.155219221121305,67.22017220172201
2021-12-31,1.52,0.73,0.06,0.79,17.22,4766.18017578125,3.9,100.5726,149816.0,0.08,9.000000000000007,20.999999999999996,0.9999999999999996,-12.0,0.0,-0.19999999999999973,-0.2907100013006407,0.39191345148306855,4.361291346206486,4.268864816139665,138.90747317590856,4.970985817722678,-2.878091091910285,-36.66789260757633
2022-01-31,1.79,1.18,0.24,0.61,24.83,4515.5498046875,4.0,100.1856,150006.0,0.08,27.0,44.99999999999999,18.0,-18.000000000000004,0.0,0.10000000000000009,-0.3855389013895069,0.12674188380697957,-5.258516502739385,-5.401822999928342,126.34448427267574,7.167803591989204,2.196817774266526,44.192799070847855
2022-02-28,1.83,1.44,0.37,0.39,30.15,4373.93994140625,3.9,100.8064,150825.0,0.08,4.0000000000000036,26.0,13.0,-21.999999999999996,0.0,-0.10000000000000009,0.6177379936952057,0.5444931030548317,-3.1360491945908286,-3.186276102171146,119.24620989664172,8.703555308033609,1.5357517160444054,21.425694724124057
2022-03-31,2.32,2.28,0.51,0.04,20.56,4530.41015625,3.7,101.3907,151315.0,0.2,48.99999999999998,83.99999999999999,14.000000000000002,-35.0,12.000000000000002,-0.19999999999999973,0.5779525289359483,0.32435323332698535,3.5773288371546252,3.5148286271522737,127.08936778764284,5.935160767269353,-2.7683945407642563,-31.80762852404644
2022-04-30,2.89,2.7,0.83,0.19,33.4,4131.93017578125,3.7,101.44,151623.0,0.33,57.00000000000003,42.000000000000036,31.999999999999996,15.0,13.0,0.0,0.04861197143317195,0.20334200801910954,-8.795671180434306,-9.206782490742233,107.11533371131469,9.641749495466751,3.7065887281973984,62.45136186770428
2022-05-31,2.85,2.53,1.13,0.32,26.19,4132.14990234375,3.6,101.3335,151924.0,0.77,-4.0000000000000036,-17.000000000000036,29.999999999999993,13.0,44.0,-0.10000000000000009,-0.10504332153142076,0.19832190643077294,0.005317770464463578,0.005317629076062466,107.12634762935815,7.56040177503815,-2.0813477204286013,-21.586826347305376
2022-06-30,2.98,2.92,1.66,0.06,28.71,3785.3798828125,3.6,101.018,152358.0,1.21,12.99999999999999,39.000000000000014,53.0,-26.0,43.99999999999999,0.0,-0.3118338689469307,0.2852618914716242,-8.391999993382681,-8.76515818048179,89.74430455000864,8.287863114217078,0.7274613391789284,9.621993127147753
2022-07-31,2.67,2.89,2.34,-0.22,21.33,4130.2900390625,3.5,101.223,153072.0,1.68,-31.000000000000007,-2.9999999999999805,68.0,-28.000000000000004,47.0,-0.10000000000000009,0.2027284973971847,0.467538421650105,9.111639173021002,8.720138468971587,107.03312093196348,6.157440620907359,-2.1304224933097196,-25.705329153605028
2022-08-31,3.15,3.45,2.87,-0.3,25.87,3955.0,3.6,101.0963,153362.0,2.33,48.0,56.00000000000001,53.00000000000003,-7.999999999999999,65.00000000000001,0.10000000000000009,-0.12524758296693903,0.18927409267660852,-4.244012827299837,-4.336703066340545,98.24660872285176,7.46802573196781,1.3105851110604512,21.28457571495548
2022-09-30,3.83,4.22,3.22,-0.39,31.62,3585.6201171875,3.5,101.2918,153582.0,2.56,68.00000000000001,76.99999999999996,35.00000000000001,-9.000000000000002,23.0,-0.10000000000000009,0.19319323696046933,0.1433486484002739,-9.339567201327437,-9.804916662099258,79.73123347682838,9.127907755887984,1.659882023920174,22.226517201391573
2022-10-31,4.1,4.51,4.06,-0.41,25.88,3871.97998046875,3.6,101.2529,153939.0,3.08,26.999999999999957,29.000000000000004,83.99999999999994,-1.9999999999999962,52.0,0.10000000000000009,-0.03841127462558634,0.23217937010745535,7.98634138370089,7.683456446885563,94.08518335542439,7.470912483313757,-1.6569952725742265,-18.153067678684387
2022-11-30,3.68,4.38,4.27,-0.7,20.58,4080.110107421875,3.6,100.9552,154242.0,3.78,-41.99999999999995,-12.99999999999999,20.999999999999996,-28.999999999999996,69.99999999999997,0.0,-0.2944493470728878,0.19663775354915713,5.375289335249311,5.235797609764905,104.51782351762758,5.940934269961249,-1.529978213352508,-20.47913446676971
2022-12-31,3.88,4.41,4.3,-0.53,21.67,3839.5,3.5,99.7664,154342.0,4.1,19.99999999999997,3.000000000000025,3.000000000000025,16.999999999999993,31.999999999999986,-0.10000000000000009,-1.184540079752463,0.0648121765875913,-5.897147407473047,-6.078182537666818,92.45710599023751,6.255590166669596,0.3146558967083468,5.296404275996136
2023-01-31,3.52,4.21,4.58,-0.69,19.4,4076.60009765625,3.5,100.505,154776.0,4.33,-35.999999999999986,-20.000000000000018,28.000000000000025,-15.999999999999993,23.000000000000043,0.0,0.737602422182949,0.2807991027163674,6.17528578346791,5.992118183434967,104.3418822957264,5.60029761113937,-0.6552925555302265,-10.47531149053993
2023-02-28,3.92,4.81,4.72,-0.89,20.7,3970.14990234375,3.6,100.6416,155066.0,4.57,39.99999999999999,59.999999999999964,13.999999999999968,-20.000000000000007,24.00000000000002,0.10000000000000009,0.1358213571587366,0.18719223648326322,-2.611249393181858,-2.645947885979313,99.00600613426285,5.975575286112627,0.37527767497325737,6.70103092783505
2023-03-31,3.48,4.06,4.68,-0.58,18.7,4109.31005859375,3.5,101.0205,155134.0,4.65,-43.99999999999999,-75.0,-4.0000000000000036,31.000000000000007,8.000000000000007,-0.10000000000000009,0.37577754656583384,0.0438426828428285,3.505161257710898,3.4451292698263587,105.98148756179877,5.398225016923001,-0.5773502691896262,-9.661835748792269
2023-04-30,3.44,4.04,4.95,-0.6,15.78,4169.47998046875,3.4,101.253,155375.0,4.83,-4.0000000000000036,-1.9999999999999574,27.000000000000046,-2.0000000000000018,17.99999999999997,-0.10000000000000009,0.22988686347240922,0.15522902614281653,1.4642341662481018,1.45361776495622,108.99753887882477,4.555293623906147,-0.8429313930168538,-15.614973262032084
2023-05-31,3.64,4.4,5.26,-0.76,17.94,4179.830078125,3.6,100.9286,155655.0,5.06,20.000000000000018,36.00000000000003,30.99999999999996,-16.000000000000004,22.999999999999954,0.20000000000000018,-0.3208999022467116,0.18004698944762323,0.2482347368192972,0.24792714332724763,109.51634336941942,5.178831914630944,0.623538290724797,13.688212927756659
2023-06-30,3.81,4.87,5.17,-1.06,13.59,4450.3798828125,3.6,100.1196,155880.0,5.08,16.999999999999993,46.99999999999997,-8.999999999999986,-30.000000000000004,2.000000000000046,0.0,-0.8047864805022571,0.1444460745157119,6.472746490423464,6.271886491464175,123.07780513172708,3.9230950791435073,-1.2557368354874368,-24.247491638795992
2023-07-31,3.97,4.88,5.28,-0.91,13.63,4588.9599609375,3.5,100.9067,156043.0,5.12,16.000000000000014,0.9999999999999787,11.000000000000032,15.000000000000002,4.0000000000000036,-0.10000000000000009,0.7830856183775964,0.10451298226616206,3.113893235501086,3.066395090770391,130.02420981562827,3.9346420845273,0.011547005383792719,0.29433406916852256
2023-08-31,4.09,4.85,5.32,-0.76,13.57,4507.66015625,3.7,100.8393,156261.0,5.33,11.999999999999966,-3.000000000000025,4.0000000000000036,15.000000000000002,20.999999999999996,0.20000000000000018,-0.06681669277958593,0.13960758453770783,-1.7716390070854016,-1.7875203842993896,125.9490111887946,3.917321576451611,-0.017320508075688856,-0.44020542920030215
2023-09-30,4.59,5.03,5.32,-0.44,17.52,4288.0498046875,3.7,101.0211,156417.0,5.33,50.0,18.00000000000006,0.0,32.0,0.0,0.0,0.18012453076874022,0.09978317178931473,-4.871936746562488,-4.994616792328207,114.94091828419313,5.057588358101122,1.140266781649511,29.108327192336027
2023-10-31,4.88,5.07,5.33,-0.19,18.14,4193.7998046875,3.9,100.4689,156576.0,5.33,29.000000000000004,4.0000000000000036,0.9999999999999787,25.0,0.0,0.19999999999999973,-0.5481179041073229,0.10159972502728927,-2.197968873798295,-2.2224841001403375,110.21658380325033,5.236566941549906,0.17897858344878426,3.5388127853881235
2023-11-30,4.37,4.73,5.25,-0.36,12.92,4567.7998046875,3.7,100.8639,156703.0,5.33,-50.99999999999998,-33.999999999999986,-8.000000000000007,-17.0,0.0,-0.19999999999999973,0.392385648842358,0.08107789347966232,8.917926878197013,8.54244482007529,128.96354503266792,3.7296827389649825,-1.5068842025849238,-28.776185226019845
2023-12-31,3.88,4.23,5.2,-0.35,12.45,4769.830078125,3.8,100.6031,156857.0,5.33,-49.00000000000002,-50.0,-4.999999999999982,1.0000000000000009,0.0,0.09999999999999964,-0.2589011060650594,0.09822682254257088,4.422923115636013,4.327903543160834,139.09042659229743,3.5940054257054204,-0.13567731325956212,-3.637770897832826
2024-01-31,3.99,4.27,5.22,-0.28,14.35,4845.64990234375,3.7,99.2223,157032.0,5.33,11.000000000000032,3.9999999999999147,1.9999999999999574,6.999999999999995,0.0,-0.09999999999999964,-1.3820284885654506,0.11150439686117332,1.5895707598991615,1.5770693886425724,142.89093810312673,4.142488181435565,0.548482755730145,15.26104417670684
2024-02-29,4.25,4.64,5.25,-0.39,13.4,5096.27001953125,3.9,100.285,157238.0,5.33,25.99999999999998,37.000000000000014,3.000000000000025,-10.999999999999998,0.0,0.19999999999999973,1.065334502345764,0.13109748274005706,5.172064062372317,5.042752831277197,155.45341302351753,3.868246803570493,-0.2742413778650725,-6.6202090592334395
2024-03-31,4.2,4.59,5.23,-0.39,13.01,5254.35009765625,3.9,100.4575,157466.0,5.33,-4.999999999999982,-4.999999999999982,-1.9999999999999574,0.0,0.0,0.0,0.1718620047660912,0.14489808829335438,3.1018779915342964,3.054742011174303,163.37726622071722,3.7556635010785158,-0.11258330249197712,-2.910447761194035
2024-04-30,4.69,5.04,5.25,-0.35,15.65,5035.68994140625,3.9,100.2434,157530.0,5.33,49.00000000000002,45.000000000000014,1.9999999999999574,4.0000000000000036,0.0,0.0,-0.213352387770971,0.040635437199612476,-4.161507173789869,-4.250577768147858,152.41680239281038,4.517765856408822,0.7621023553303061,20.292083013066886
2024-05-31,4.51,4.89,5.25,-0.38,12.92,5277.509765625,3.9,100.863,157608.0,5.33,-18.00000000000006,-15.000000000000036,0.0,-3.0000000000000027,0.0,0.0,0.6161931798148965,0.04950212389036257,4.80211901511991,4.6903805304359665,164.53815765787317,3.7296827389649825,-0.7880831174438394,-17.444089456869015
2024-06-30,4.36,4.71,5.22,-0.35,12.44,5460.47998046875,4.1,100.894,157695.0,5.33,-14.999999999999947,-17.99999999999997,-3.000000000000025,3.0000000000000027,0.0,0.19999999999999973,0.03073003687004655,0.05518501391226713,3.466980128308328,3.4082343238882262,173.7096430156646,3.5911186743594725,-0.13856406460550996,-3.7151702786377694
2024-07-31,4.09,4.29,5.15,-0.2,16.36,5522.2998046875,4.2,99.9757,157748.0,5.33,-27.000000000000046,-41.99999999999999,-6.99999999999994,14.999999999999996,0.0,0.10000000000000053,-0.9143304316003359,0.03360353566174188,1.1321316887868749,1.1257710402409888,176.80839661951038,4.722725201971139,1.1316065276116665,31.5112540192926
2024-08-31,3.91,3.91,4.98,0.0,15.0,5648.39990234375,4.2,100.4309,157757.0,5.33,-17.99999999999997,-37.999999999999986,-16.999999999999993,20.0,0.0,0.0,0.4542772371983832,0.005705139381273828,2.2834706936630367,2.2577897117514727,183.1292352339154,4.330127018922194,-0.39259818304894534,-8.312958435207818
2024-09-30,3.81,3.66,4.52,0.15,16.73,5762.47998046875,4.1,99.8084,157912.0,5.13,-10.000000000000009,-25.0,-46.000000000000085,15.0,-20.000000000000018,-0.10000000000000053,-0.6217580718655453,0.09820413943523053,2.0196884090601275,1.9995632287754546,188.8475635805954,4.8295350017712195,0.4994079828490259,11.533333333333328
2024-10-31,4.28,4.16,4.44,0.12,23.16,5705.4501953125,4.1,99.4695,157945.0,4.83,47.00000000000002,50.0,-7.999999999999918,-3.0,-29.999999999999982,0.0,-0.34012836016453935,0.020895531914807662,-0.9896743303151712,-0.9946041598550177,185.98891339009742,6.685716117215867,1.856181115444647,38.43395098625224
2024-11-30,4.18,4.13,4.39,0.05,13.51,6032.3798828125,4.2,99.2925,158079.0,4.64,-10.000000000000053,-3.000000000000025,-5.000000000000071,-6.999999999999999,-19.00000000000004,0.10000000000000053,-0.1781025012705958,0.08480369087833911,5.7301295482098835,5.5719714029497265,202.37644862086776,3.9000010683759223,-2.7857150488399443,-41.666666666666664
2024-12-31,4.58,4.25,4.23,0.33,17.35,5881.6298828125,4.1,100.3273,158316.0,4.48,40.000000000000036,12.00000000000001,-15.999999999999925,28.000000000000004,-15.999999999999925,-0.10000000000000053,1.03678018845612,0.14981276210219918,-2.499013704848363,-2.5307692187745623,194.82001972959853,5.008513585220004,1.1085125168440815,28.423390081421186
2025-01-31,4.58,4.22,4.2,0.36,16.43,6040.52978515625,4.0,100.0647,158268.0,4.33,0.0,-3.000000000000025,-3.000000000000025,2.9999999999999973,-15.000000000000036,-0.09999999999999964,-0.2620864608518172,-0.03032370578917886,2.70163042404441,2.665780641966916,202.78496707878708,4.742932461392776,-0.26558112382722765,-5.302593659942367
2025-02-28,4.24,3.99,4.2,0.25,19.63,5954.5,4.2,101.0993,158310.0,4.33,-33.999999999999986,-22.999999999999954,0.0,-10.999999999999998,0.0,0.20000000000000018,1.028622539084394,0.02653374539381297,-1.4242092699825126,-1.4344484648483262,198.47267550953748,5.666692892096177,0.9237604307034006,19.476567255021294
2025-03-31,4.23,3.89,4.21,0.34,22.28,5611.85009765625,4.2,101.0404,158377.0,4.33,-0.9999999999999787,-10.000000000000009,0.9999999999999787,9.000000000000002,0.0,0.0,-0.058276530208506386,0.0423130731603305,-5.754469768137538,-5.926678538017666,181.2971556311899,6.431681998772432,0.7649891066762553,13.49974528782476
2025-04-30,4.17,3.6,4.2,0.57,24.7,5569.06005859375,4.2,101.1279,158485.0,4.33,-6.00000000000005,-29.000000000000004,-0.9999999999999787,22.999999999999993,0.0,0.0,0.08656154843619723,0.06816847976864127,-0.7624943346289825,-0.7654161847847312,179.1522807560296,7.1302758244918785,0.6985938257194464,10.8617594254937
2025-05-31,4.41,3.89,4.25,0.52,18.57,5911.68994140625,4.3,100.9655,158498.0,4.33,24.00000000000002,29.000000000000004,4.999999999999982,-4.999999999999993,0.0,0.09999999999999964,-0.16071780172620428,0.008202332621806125,6.152382614078289,5.970544763775343,196.32679714406657,5.360697249425676,-1.7695785750662028,-24.817813765182184
2025-06-30,4.24,3.72,4.24,0.52,16.73,6204.9501953125,4.1,101.4785,158478.0,4.33,-16.999999999999993,-16.999999999999993,-0.9999999999999787,0.0,0.0,-0.20000000000000018,0.506807905446902,-0.012619251947495129,4.960683946771582,4.841565544761899,211.02663299997468,4.8295350017712195,-0.5311622476544562,-9.90845449649973
2025-07-31,4.37,3.94,4.24,0.43,16.72,6339.39013671875,4.3,101.894,158542.0,4.33,12.99999999999999,21.999999999999975,0.0,-9.000000000000002,0.0,0.20000000000000018,0.40861038548213835,0.04037600206260477,2.16665625306407,2.1435178792465086,217.76551099256326,4.826648250425271,-0.0028867513459482907,-0.059772863120155506
2025-08-31,4.23,3.59,4.05,0.64,15.36,6460.259765625,4.3,101.6247,158472.0,4.33,-13.999999999999968,-35.00000000000001,-19.00000000000004,21.000000000000004,0.0,0.0,-0.26464414048793244,-0.04416208819652648,1.9066444295036122,1.8886957507385715,223.82416940678672,4.434050067376326,-0.39259818304894534,-8.133971291866027
2025-09-30,4.16,3.6,3.86,0.56,16.28,6688.4599609375,4.4,101.668,158548.0,4.22,-7.000000000000028,1.000000000000023,-18.999999999999993,-7.9999999999999964,-11.000000000000032,0.10000000000000053,0.04259867733055724,0.04794650271651397,3.5323687218701494,3.471411909808157,235.26283308076788,4.699631191203554,0.26558112382722854,5.989583333333348
2025-10-31,4.11,3.6,3.73,0.51,17.44,6840.2001953125,,101.2195,158408.0,4.09,-4.999999999999982,0.0,-12.99999999999999,-5.000000000000004,-12.99999999999999,,-0.44211765689015525,-0.08834034320516304,2.26868719049238,2.2433352045496773,242.86889802935306,5.0344943473335375,0.3348631561299831,7.125307125307123
2025-11-30,4.02,3.47,3.73,0.55,16.35,6849.08984375,4.5,101.0344,158449.0,3.88,-9.000000000000075,-12.99999999999999,0.0,4.0000000000000036,-20.999999999999996,,-0.18303731268256637,0.025879182236041683,0.129961816667179,0.1298774393957997,243.31449667801874,4.719838450625192,-0.31465589670834593,-6.25
2025-12-31,4.18,3.47,3.57,0.71,14.95,6845.5,4.4,101.4941,158432.0,3.72,16.000000000000014,0.0,-16.000000000000014,15.999999999999993,-15.99999999999997,-0.09999999999999964,0.45396158018464106,-0.010729579884128374,-0.05241344225139777,-0.05242718289754783,243.13455373256176,4.315693262192452,-0.4041451884327394,-8.562691131498479
